Workbook

Sheet Pemetaan Posisi
A1: List Subcontractor (SC)
A2: WME | B2: Wasa Mitra Engineering
A3: TPE | B3: Tiga Pilar Energi
A4: SILOG | B4: Semen Indonesia Logistik
A5: DHJ | B5: Duta Hita Jaya
A6: WKP | B6: Wirya Krenindo Perkasa
A7: BCP | B7: Berkah Cipta Perkasa
A8: TODJO | B8: Tohoma Mandiri-Dwidjo Jaya Konstruksi
A9: DJK Service | B9: Dwidjo Jaya Konstruksi Manpower Service
A11: Pemetaan Posisi Setiap SCs
A12: Deskripsi Posisi (Role) | B12: {=TRANSPOSE(A2:A8)} -> WME | C12: TPE | D12: SILOG | E12: DHJ | F12: WKP | G12: BCP | H12: TODJO | I12: DJK Service
A13: Project Manager | C13: =TPE!C3 | D13: =IFERROR(_xlfn.XLOOKUP($A13,SILOG!$A$3:$A$17,SILOG!$H$3:$H$17),"") -> PM
A14: Deputy Project Manager | C14: =TPE!C4 | D14: =IFERROR(_xlfn.XLOOKUP($A14,SILOG!$A$3:$A$17,SILOG!$H$3:$H$17),"") -> DPM
A15: Construction Manager | B15: Site Manager | C15: =TPE!C5 -> SM | D15: =IFERROR(_xlfn.XLOOKUP($A15,SILOG!$A$3:$A$17,SILOG!$H$3:$H$17),"") -> CM | E15: PM | F15: SM | G15: PM, SM | H15: SM
A16: Deputy CM | C16: =TPE!C6 | D16: =IFERROR(_xlfn.XLOOKUP($A16,SILOG!$A$3:$A$17,SILOG!$H$3:$H$17),"") -> DCM
A17: Site Engineer | B17: Planning Eng, Piping Eng, Lifting Eng | C17: =TPE!C7 -> Engineer, PPC | D17: =IFERROR(_xlfn.XLOOKUP($A17,SILOG!$A$3:$A$17,SILOG!$H$3:$H$17),"") -> SM, SE, Engineer, PC, PPC, Rigging Eng | E17: Site Engineer, SE | H17: SE
A18: HSE Manager | C18: =TPE!C8 | D18: =IFERROR(_xlfn.XLOOKUP($A18,SILOG!$A$3:$A$17,SILOG!$H$3:$H$17),"")
A19: HSE Engineer | B19: HSE Coor, HSE | C19: =TPE!C9 -> HSE | D19: =IFERROR(_xlfn.XLOOKUP($A19,SILOG!$A$3:$A$17,SILOG!$H$3:$H$17),"") -> semua HSE (koordinator dan tiap lokasi). HSE Manager hanya bila tertulis "HSE Manager" | E19: HSE, HSE Officer | F19: HSE | G19: HSE | H19: HSE Koord, HSE Coordinator, HSE Officer, HSE
A20: Survey Manager | C20: =TPE!C10 | D20: =IFERROR(_xlfn.XLOOKUP($A20,SILOG!$A$3:$A$17,SILOG!$H$3:$H$17),"")
A21: Surveyor | B21: Survey | C21: =TPE!C11 -> SURVEYOR | D21: =IFERROR(_xlfn.XLOOKUP($A21,SILOG!$A$3:$A$17,SILOG!$H$3:$H$17),"") -> Surveyor, Team Surveyor (SPV Survey masuk Supervisor) | E21: Surveyor | F21: Survey, Ass Survey | H21: Surveyor, Ass Surveyor, Survey
A22: QS Department | C22: =TPE!C12 | D22: =IFERROR(_xlfn.XLOOKUP($A22,SILOG!$A$3:$A$17,SILOG!$H$3:$H$17),"")
A23: Engineering Department | C23: =TPE!C13 | D23: =IFERROR(_xlfn.XLOOKUP($A23,SILOG!$A$3:$A$17,SILOG!$H$3:$H$17),"")
A24: QA/QC Department | B24: QC, Weld Inspect | C24: =TPE!C14 -> QC | D24: =IFERROR(_xlfn.XLOOKUP($A24,SILOG!$A$3:$A$17,SILOG!$H$3:$H$17),"") -> QC, QA, anggota Team QC | E24: QC | F24: QC Field, ADM QC | G24: QC | H24: QC, QC Checker
A25: Administration Department | D25: =IFERROR(_xlfn.XLOOKUP($A25,SILOG!$A$3:$A$17,SILOG!$H$3:$H$17),"")
A26: Supervisor | B26: SPV Piping, SPV Scaff, SPV Matecon, Ass SPV, SPV Logistic, SPV Proc | C26: =TPE!C18 -> SPV Scaff, SPV Rigg, SPV Mech, SPV Survey | D26: =IFERROR(_xlfn.XLOOKUP($A26,SILOG!$A$3:$A$17,SILOG!$H$3:$H$17),"") -> semua SPV | E26: Spv | F26: SPV, SPV SCF | I26: SPV
A27: Foreman | B27: Forman | C27: =TPE!C19 -> FM ELEC, FM FT, FM MW | D27: =IFERROR(_xlfn.XLOOKUP($A27,SILOG!$A$3:$A$17,SILOG!$H$3:$H$17),"") -> Foreman, Foremen, FM, SI itu Subcontractor Independen atau Foreman, Mandor | H27: Foreman
A28: Rebarman | C28: =TPE!C20 | D28: =IFERROR(_xlfn.XLOOKUP($A28,SILOG!$A$3:$A$17,SILOG!$H$3:$H$17),"")
A29: Carpenter | C29: =TPE!C21 | D29: =IFERROR(_xlfn.XLOOKUP($A29,SILOG!$A$3:$A$17,SILOG!$H$3:$H$17),"")
A30: Stone Masonry | C30: =TPE!C22 | D30: =IFERROR(_xlfn.XLOOKUP($A30,SILOG!$A$3:$A$17,SILOG!$H$3:$H$17),"")
A31: Scaffolder | B31: Scaffolder | C31: =TPE!C23 -> FM SCAFFOLDER, SCAFFOLDER | D31: =IFERROR(_xlfn.XLOOKUP($A31,SILOG!$A$3:$A$17,SILOG!$H$3:$H$17),"") -> Inspector Scaffolding, Scaffolder, anggota Team Scaffolder tanpa role | E31: Inspector Scaffolder/Scf, Scaffolder, Helper Scaffolder/Scf | F31: Scaffolder | H31: Insp Scaff, Inspector Scaffolder, Scaffolder
A32: Skilled Workers | B32: Fitter, Welder, Rigger, Checker, Skill | C32: =TPE!C24 -> Worker, Fitter, RIGGER, MILLRIGHT, ELECTRIC, Welder | D32: =IFERROR(_xlfn.XLOOKUP($A32,SILOG!$A$3:$A$17,SILOG!$H$3:$H$17),"") -> Teknisi, Rigger, Welder, Skill, Helper, Fitter | E32: Welder, Erector, Civil | F32: Fitter, Skill, Welder | H32: Rigger, Fitter
A33: Commoun Labor | B33: Housekeeping, Helper | C33: =TPE!C25 -> WAREHOUSE, HELPER MECH, HELPER SCAFF, HOLE WATCHER | D33: =IFERROR(_xlfn.XLOOKUP($A33,SILOG!$A$3:$A$17,SILOG!$H$3:$H$17),"") -> Helper/anggota lokasi Warehouse | E33: Helper | F33: Helper | H33: Helper
A34: Security | C34: =TPE!C26 | D34: =IFERROR(_xlfn.XLOOKUP($A34,SILOG!$A$3:$A$17,SILOG!$H$3:$H$17),"")
A35: Staff | B35: Docon, SPV HR/GA, SPV Finance, Driver, Matecon | C35: =TPE!C27 -> HRD, SDCC, Driver, Admin | D35: =IFERROR(_xlfn.XLOOKUP($A35,SILOG!$A$3:$A$17,SILOG!$H$3:$H$17),"") -> Admin, DOCON, Matecon / Matkon (material control) | E35: Admin, DOCON, Document Control | F35: Warehouse, ADM Project | G35: Busbar, Teknisi, Wiring | H35: Admin, Matkon, Material Control
A36: Heavy Equipment Operator | B36: Operator | C36: =TPE!C28 -> OPR CRANE, OPR TMC | D36: =IFERROR(_xlfn.XLOOKUP($A36,SILOG!$A$3:$A$17,SILOG!$H$3:$H$17),"") -> Operator Crane, Operator TMC | H36: Operator
A37: Land 1 | I37: Team Electrical M&E, Team 5R HSE, Team 5R GA, Night Shift.
A38: Land 2 | I38: Day Shift Land 2 (Warehouse)

Sheet DHJ
A1: DHJ | B1: Nama Lain | C1: 46284 | D1: =C1+1 -> 46285 | E1: =D1+1 -> 46286 | F1: =E1+1 -> 46287
A2: Position
A3: Project Manager | B3: PM | F3: 1 | K3: Project Manager
A4: Deputy Project Manager | B4: DPM | K4: Deputy Project Manager
A5: Construction Manager | B5: SM, Site Manager | K5: Construction Manager
A6: Deputy CM | B6: DCM | K6: Deputy CM
A7: Site Engineer | B7: SE, Engineer, PPC, Planning Engineer, Piping Engineer, Eng, PC, Field Engineer | C7: 1 | E7: 1 | F7: 1 | K7: Site Engineer
A8: HSE Manager | K8: HSE Manager
A9: HSE Engineer | B9: HSE, Safety Officer, Admin HSE, HSE Coordinator | C9: 1 | E9: 1 | F9: 1 | K9: HSE Engineer
A10: Surveyor Manager | K10: Survey Manager
A11: Surveyor | B11: Survey, Ass Survey,, Assistan Surveyor | C11: 1 | E11: 1 | F11: 1 | K11: Surveyor
A12: QS Department | K12: QS Department
A13: Engineering Department | K13: Engineering Department
A14: QA/QC Department | B14: QC, Admin QC, Welding Inspector, QC Field | C14: 2 | E14: 2 | F14: 2 | K14: QA/QC Department
A15: Administration Department | K15: Administration Department
A16: M/E Department (Jakarta) | K16: M/E Department (Jakarta)
A17: M/E Department (Overseas) | K17: M/E Department (Overseas)
A18: Supervisor | B18: Supervicor, SPV, Ass SPV, SPV Other | E18: 1 | F18: 2 | K18: Supervisor
A19: Foreman | B19: Foreman | K19: Foreman
A20: Rebarman | K20: Rebarman
A21: Carpenter | K21: Carpenter
A22: Stone Masonry | K22: Stone Masonry
A23: Scaffolder | B23: Inspector Scaffolder, Scaffolder, Helper Scaffolder, Foreman Scaffolder | C23: 4 | E23: 3 | F23: 3 | K23: Scaffolder
A24: Skilled Worker | B24: Erector, Civil, Welder, Rigger, Fitter, Skill Matcon, Checker, Skill Other, Millright, FM Other, Teknisi, Mekanik, Wiring, Busbar | C24: 9 | E24: 8 | F24: 11 | K24: Skilled Workers
A25: Common Labor | B25: Helper, Driver, Housekeeping | C25: 5 | E25: 5 | F25: 5 | K25: Commoun Labor
A26: Security | K26: Security
A27: Staff | B27: Admin, Docon, Matcon/Matecon (Material Control), SPV HRGA, SPV Finance, SDCC, Document Controller | K27: Staff
A28: Heavy Equipment Operator | B28: Operator, OPR Crane, OPR TMC | K28: Heavy Equipment Operator
A30: TOTAL | C30: =SUM(C3:C28) -> 23 | E30: =SUM(E3:E28) -> 22 | F30: =SUM(F3:F28) -> 27

Sheet TPE
A1: TPE | B1: Nama Lain | D1: =C1+1 -> 1 | E1: =D1+1 -> 2 | F1: =E1+1 -> 3
A2: Position
A3: Project Manager | C3: {=IFERROR(_xlfn.TEXTJOIN(", ", TRUE, _xlfn._xlws.FILTER($H$3:$H$33, $I$3:$I$33 = B3)),"")} | G3: {=_xlfn.UNIQUE(I3:I33)} -> sm | H3: SM | I3: sm
A4: Deputy Project Manager | C4: {=IFERROR(_xlfn.TEXTJOIN(", ", TRUE, _xlfn._xlws.FILTER($H$3:$H$33, $I$3:$I$33 = B4)),"")} | G4: se | H4: Engineer | I4: se
A5: Construction Manager | B5: sm | C5: {=IFERROR(_xlfn.TEXTJOIN(", ", TRUE, _xlfn._xlws.FILTER($H$3:$H$33, $I$3:$I$33 = B5)),"")} -> SM | G5: qc | H5: QC | I5: qc
A6: Deputy CM | C6: {=IFERROR(_xlfn.TEXTJOIN(", ", TRUE, _xlfn._xlws.FILTER($H$3:$H$33, $I$3:$I$33 = B6)),"")} | G6: spv | H6: SPV Scaff | I6: spv
A7: Site Engineer | B7: se | C7: {=IFERROR(_xlfn.TEXTJOIN(", ", TRUE, _xlfn._xlws.FILTER($H$3:$H$33, $I$3:$I$33 = B7)),"")} -> Engineer, PPC | E7: 1 | G7: hse | H7: SPV Rigg | I7: spv
A8: HSE Manager | C8: {=IFERROR(_xlfn.TEXTJOIN(", ", TRUE, _xlfn._xlws.FILTER($H$3:$H$33, $I$3:$I$33 = B8)),"")} | G8: staff | H8: SPV Mech | I8: spv
A9: HSE Engineer | B9: hse | C9: {=IFERROR(_xlfn.TEXTJOIN(", ", TRUE, _xlfn._xlws.FILTER($H$3:$H$33, $I$3:$I$33 = B9)),"")} -> HSE | E9: 4 | G9: skilled | H9: SPV Survey | I9: spv
A10: Surveyor Manager | C10: {=IFERROR(_xlfn.TEXTJOIN(", ", TRUE, _xlfn._xlws.FILTER($H$3:$H$33, $I$3:$I$33 = B10)),"")} | G10: scf | H10: PPC | I10: se
A11: Surveyor | B11: svy | C11: {=IFERROR(_xlfn.TEXTJOIN(", ", TRUE, _xlfn._xlws.FILTER($H$3:$H$33, $I$3:$I$33 = B11)),"")} -> SURVEYOR | E11: 4 | G11: svy | H11: HSE | I11: hse
A12: QS Department | C12: {=IFERROR(_xlfn.TEXTJOIN(", ", TRUE, _xlfn._xlws.FILTER($H$3:$H$33, $I$3:$I$33 = B12)),"")} | G12: fore | H12: HRD | I12: staff
A13: Engineering Department | C13: {=IFERROR(_xlfn.TEXTJOIN(", ", TRUE, _xlfn._xlws.FILTER($H$3:$H$33, $I$3:$I$33 = B13)),"")} | G13: labor | H13: SDCC | I13: staff
A14: QA/QC Department | B14: qc | C14: {=IFERROR(_xlfn.TEXTJOIN(", ", TRUE, _xlfn._xlws.FILTER($H$3:$H$33, $I$3:$I$33 = B14)),"")} -> QC | E14: 2 | G14: operator | H14: Driver | I14: staff
A15: Administration Department | C15: {=IFERROR(_xlfn.TEXTJOIN(", ", TRUE, _xlfn._xlws.FILTER($H$3:$H$33, $I$3:$I$33 = B15)),"")} | H15: Admin | I15: staff
A16: M/E Department (Jakarta) | C16: {=IFERROR(_xlfn.TEXTJOIN(", ", TRUE, _xlfn._xlws.FILTER($H$3:$H$33, $I$3:$I$33 = B16)),"")} | H16: Worker | I16: skilled
A17: M/E Department (Overseas) | C17: {=IFERROR(_xlfn.TEXTJOIN(", ", TRUE, _xlfn._xlws.FILTER($H$3:$H$33, $I$3:$I$33 = B17)),"")} | H17: Fitter | I17: skilled
A18: Supervisor | B18: spv | C18: {=IFERROR(_xlfn.TEXTJOIN(", ", TRUE, _xlfn._xlws.FILTER($H$3:$H$33, $I$3:$I$33 = B18)),"")} -> SPV Scaff, SPV Rigg, SPV Mech, SPV Survey | E18: 2 | H18: RIGGER | I18: skilled
A19: Foreman | B19: fore | C19: {=IFERROR(_xlfn.TEXTJOIN(", ", TRUE, _xlfn._xlws.FILTER($H$3:$H$33, $I$3:$I$33 = B19)),"")} -> FM ELEC, FM FT, FM MW | H19: FM SCAFFOLDER | I19: scf
A20: Rebarman | C20: {=IFERROR(_xlfn.TEXTJOIN(", ", TRUE, _xlfn._xlws.FILTER($H$3:$H$33, $I$3:$I$33 = B20)),"")} | H20: SCAFFOLDER | I20: scf
A21: Carpenter | C21: {=IFERROR(_xlfn.TEXTJOIN(", ", TRUE, _xlfn._xlws.FILTER($H$3:$H$33, $I$3:$I$33 = B21)),"")} | H21: MILLRIGHT | I21: skilled
A22: Stone Masonry | C22: {=IFERROR(_xlfn.TEXTJOIN(", ", TRUE, _xlfn._xlws.FILTER($H$3:$H$33, $I$3:$I$33 = B22)),"")} | H22: SURVEYOR | I22: svy
A23: Scaffolder | B23: scf | C23: {=IFERROR(_xlfn.TEXTJOIN(", ", TRUE, _xlfn._xlws.FILTER($H$3:$H$33, $I$3:$I$33 = B23)),"")} -> FM SCAFFOLDER, SCAFFOLDER | E23: 11 | H23: FM ELEC | I23: fore
A24: Skilled Worker | B24: skilled | C24: {=IFERROR(_xlfn.TEXTJOIN(", ", TRUE, _xlfn._xlws.FILTER($H$3:$H$33, $I$3:$I$33 = B24)),"")} -> Worker, Fitter, RIGGER, MILLRIGHT, ELECTRIC, Welder | E24: 36 | H24: FM FT | I24: fore
A25: Common Labor | B25: labor | C25: {=IFERROR(_xlfn.TEXTJOIN(", ", TRUE, _xlfn._xlws.FILTER($H$3:$H$33, $I$3:$I$33 = B25)),"")} -> WAREHOUSE, HELPER MECH, HELPER SCAFF, HOLE WATCHER | E25: 1 | H25: FM MW | I25: fore
A26: Security | C26: {=IFERROR(_xlfn.TEXTJOIN(", ", TRUE, _xlfn._xlws.FILTER($H$3:$H$33, $I$3:$I$33 = B26)),"")} | H26: ELECTRIC | I26: skilled
A27: Staff | B27: staff | C27: {=IFERROR(_xlfn.TEXTJOIN(", ", TRUE, _xlfn._xlws.FILTER($H$3:$H$33, $I$3:$I$33 = B27)),"")} -> HRD, SDCC, Driver, Admin | E27: 3 | H27: Welder | I27: skilled
A28: Heavy Equipment Operator | B28: operator | C28: {=IFERROR(_xlfn.TEXTJOIN(", ", TRUE, _xlfn._xlws.FILTER($H$3:$H$33, $I$3:$I$33 = B28)),"")} -> OPR CRANE, OPR TMC | H28: WAREHOUSE | I28: labor
A29: TOTAL | E29: =SUM(E3:E28) -> 64 | H29: HELPER MECH | I29: labor
H30: HELPER SCAFF | I30: labor
H31: HOLE WATCHER | I31: labor
H32: OPR CRANE | I32: operator
H33: OPR TMC | I33: operator

Sheet WME
A1: Description/Keterangan | C1: SCs Manpower Role (Posisi)
C2: WME
A3: Project Manager | B3: pm | C3: - | E3: Site Manager | F3: cm
A4: Deputy Project Manager | B4: dpm | C4: - | E4: Planning Eng | F4: se
A5: Construction Manager | B5: cm | C5: Site Manager | E5: Piping Eng | F5: se
A6: Deputy CM | B6: dcm | C6: - | E6: Lifting Eng | F6: se
A7: Site Engineer | B7: se | C7: Planning Eng, Piping Eng, Lifting Eng | E7: HSE Coor | F7: hse
A8: HSE Manager | B8: hsem | C8: - | E8: HSE | F8: hse
A9: HSE Engineer | B9: hse | C9: HSE Coor, HSE | E9: QC | F9: qc
A10: Survey Manager | B10: svym | C10: - | E10: Weld Inspect | F10: qc
A11: Surveyor | B11: svy | C11: Survey | E11: SPV Piping | F11: spv
A12: QS Department | B12: qs | C12: - | E12: SPV Scaff | F12: spv
A13: Engineering Department | B13: eng | C13: - | E13: SPV Matecon | F13: spv
A14: QA/QC Department | B14: qc | C14: QC, Weld Inspect | E14: Ass SPV | F14: spv
A15: Administration Department | C15: - | E15: Forman | F15: fore
A16: M/E Department (Jakarta) | C16: - | E16: Docon | F16: staff
A17: M/E Department (Overseas) | C17: - | E17: SPV Logistic | F17: spv
A18: Supervisor | B18: spv | C18: SPV Piping, SPV Scaff, SPV Matecon, Ass SPV, SPV Logistic, SPV Proc | E18: SPV Proc | F18: spv
A19: Foreman | B19: fore | C19: Forman | E19: SPV HR/GA | F19: staff
A20: Rebarman | B20: rebar | C20: - | E20: SPV Finance | F20: staff
A21: Carpenter | C21: - | E21: Driver | F21: staff
A22: Stone Masonry | C22: - | E22: Housekeeping | F22: labor
A23: Scaffolder | B23: scca | C23: Scaffolder | E23: Fitter | F23: skilled
A24: Skilled Workers | B24: skilled | C24: Fitter, Welder, Rigger, Checker, Skill | E24: Welder | F24: skilled
A25: Commoun Labor | B25: labor | C25: Housekeeping, Helper | E25: Scaffolder | F25: scca
A26: Security | C26: - | E26: Rigger | F26: skilled
A27: Staff | B27: staff | C27: Docon, SPV HR/GA, SPV Finance, Driver, Matecon | E27: Operator | F27: operator
A28: Heavy Equipment Operator | B28: operator | C28: Operator | E28: Checker | F28: skilled
E29: Survey | F29: svy
E30: Skill | F30: skilled
E31: Matecon | F31: staff
E32: Helper | F32: labor

Sheet SILOG
A1: SILOG | B1: Nama Lain | C1: 46284 | D1: =C1+1 -> 46285 | E1: =D1+1 -> 46286 | F1: =E1+1 -> 46287
A2: Position
A3: Project Manager | B3: PM | H3: PM
A4: Deputy Project Manager | B4: DPM | F4: 1 | H4: DPM
A5: Construction Manager | B5: SM, Site Manager | F5: 1 | H5: CM
A6: Deputy CM | B6: DCM | H6: DCM
A7: Site Engineer | B7: SE, Engineer, PPC, Planning Engineer, Piping Engineer, Eng, PC, Field Engineer | F7: 1 | H7: SM, SE, Engineer, PC, PPC, Rigging Eng
A8: HSE Engineer | B8: HSE, Safety Officer, Admin HSE, HSE Coordinator | F8: 6 | H8: semua HSE (koordinator dan tiap lokasi). HSE Manager hanya bila tertulis "HSE Manager"
A9: QA/QC Department | B9: QC, Admin QC, Welding Inspector, QC Field | F9: 9 | H9: QC, QA, anggota Team QC
A10: Surveyor | B10: Survey, Ass Survey,, Assistan Surveyor | H10: Surveyor, Team Surveyor (SPV Survey masuk Supervisor)
A11: Supervisor | B11: Supervicor, SPV, Ass SPV, SPV Other | F11: 5 | H11: semua SPV
A12: Foreman | B12: Foreman | F12: 2 | H12: Foreman, Foremen, FM, SI itu Subcontractor Independen atau Foreman, Mandor
A13: Scaffolder | B13: Inspector Scaffolder, Scaffolder, Helper Scaffolder, Foreman Scaffolder | F13: 2 | H13: Inspector Scaffolding, Scaffolder, anggota Team Scaffolder tanpa role
A14: Skilled Workers | B14: Erector, Civil, Welder, Rigger, Fitter, Skill Matcon, Checker, Skill Other, Millright, FM Other, Teknisi, Mekanik, Wiring, Busbar | F14: 3 | H14: Teknisi, Rigger, Welder, Skill, Helper, Fitter
A15: Commoun Labor | B15: Helper, Driver, Housekeeping | F15: 2 | H15: Helper/anggota lokasi Warehouse
A16: Staff | B16: Admin, Docon, Matcon/Matecon (Material Control), SPV HRGA, SPV Finance, SDCC, Document Controller | F16: 6 | H16: Admin, DOCON, Matecon / Matkon (material control)
A17: Heavy Equipment Operator | B17: Operator, OPR Crane, OPR TMC | F17: 1 | H17: Operator Crane, Operator TMC
A19: TOTAL | F19: 108
B26: Project Manager / Deputy PM / Construction Manager / Deputy CM | C26: PM / DPM / CM / DCM
B27: Site Engineer | C27: SM, SE, Engineer, PC, PPC, Rigging Eng
B28: HSE Engineer | C28: semua HSE (koordinator dan tiap lokasi). HSE Manager hanya bila tertulis "HSE Manager"
B29: Surveyor | C29: Surveyor, Team Surveyor (SPV Survey masuk Supervisor)
B30: QA/QC Department | C30: QC, QA, anggota Team QC
B31: Administration Department | C31: Admin, DOCON
B32: Staff | C32: Matecon / Matkon (material control)
B33: Supervisor | C33: semua SPV
B34: Foreman | C34: Foreman, Foremen, FM (termasuk FM_MW), SI
B35: Scaffolder | C35: Inspector Scaffolding, Scaffolder, anggota Team Scaffolder tanpa role
B36: Skilled Workers | C36: Teknisi, Rigger, Welder, Skill, Helper, Fitter, FT, MW, MEP, crew (f)/(h) TODJO
B37: Common Labor | C37: Helper/anggota lokasi Warehouse
B38: Heavy Equipment Operator | C38: Operator Crane, Operator TMC

Sheet WKP
A1: WKP | B1: Nama Lain | C1: 46284 | D1: =C1+1 -> 46285 | E1: =D1+1 -> 46286 | F1: =E1+1 -> 46287
A2: Position
A3: Project Manager | B3: PM
A4: Deputy Project Manager | B4: DPM
A5: Construction Manager | B5: SM, Site Manager
A6: Deputy Construction Manager | B6: DCM
A7: Site Engineer | B7: SE, Engineer, PPC, Planning Engineer, Piping Engineer, Eng, PC, Field Engineer
A8: HSE | B8: HSE, Safety Officer, Admin HSE, HSE Coordinator
A9: QC | B9: QC, Admin QC, Welding Inspector, QC Field
A10: Surveyor | B10: Survey, Ass Survey,, Assistan Surveyor
A11: Supervisor | B11: Supervicor, SPV, Ass SPV, SPV Other
A12: Foreman | B12: Foreman
A13: Scaffolder | B13: Inspector Scaffolder, Scaffolder, Helper Scaffolder, Foreman Scaffolder
A14: Skilled Worker | B14: Erector, Civil, Welder, Rigger, Fitter, Skill Matcon, Checker, Skill Other, Millright, FM Other, Teknisi, Mekanik, Wiring, Busbar | F14: 22
A15: Common Labor | B15: Helper, Driver, Housekeeping
A16: Staff | B16: Admin, Docon, Matcon/Matecon (Material Control), SPV HRGA, SPV Finance, SDCC, Document Controller | F16: 12
A17: Operator | B17: Operator, OPR Crane, OPR TMC
A19: TOTAL | F19: 34
